INSERT INTO student (student_id,present_skill)
VALUES
  ('VBF14KPI4DV','novice'),
  ('DVG46BAV7PU','novice'),
  ('JKK32EDY3FY','novice'),
  ('PVM68FWG2XM','novice'),
  ('DCL56DSU6KD','novice'),
  ('LTW04KHJ8BM','novice'),
  ('DCT19OTW1VX','novice'),
  ('YCM70OSP8KX','novice'),
  ('RRK62KTK6YL','novice'),
  ('HWV44AXR2IF','novice'),
  ('YXC45QDW3SU','novice'),
  ('THH42YVG4KP','novice'),
  ('JRH40KIS6WH','novice'),
  ('YPF94TCY3SP','novice'),
  ('RLJ66XQP5YE','novice');
INSERT INTO student (student_id,present_skill)
VALUES
  ('FQW25MMC8NY','beginner'),
  ('OEK65MUI2AM','beginner'),
  ('BYI61POW2IO','beginner'),
  ('POV18SVU7ND','beginner'),
  ('LJK76XGL3TY','beginner'),
  ('QCM29NDR9FW','beginner'),
  ('HVT36YEP5QB','beginner'),
  ('LDP94WTL7JX','beginner'),
  ('BBT15OUY0TS','beginner'),
  ('TDC13XRW1HR','beginner'),
  ('PLX93MMA4II','beginner'),
  ('QDK92TKQ7CC','beginner'),
  ('PLN46AUI7DA','beginner'),
  ('GRF68FTT8LJ','beginner'),
  ('HIA59GVV4GZ','beginner');
INSERT INTO student (student_id,present_skill)
VALUES
  ('XYP51RYZ5QK','professional'),
  ('PNF47BPG8XO','professional'),
  ('PUP67BOT8NF','professional'),
  ('LHU83OBG7ZW','professional'),
  ('CCX99MUJ1OP','professional'),
  ('DST62SQK5YS','professional'),
  ('UAP28FSL6BW','professional'),
  ('LWY51STR6XD','professional'),
  ('BKT18YHT8RI','professional'),
  ('DQV22JXL6VH','professional'),
  ('DUZ66MVO7OH','professional'),
  ('HWJ52QWG3IB','professional'),
  ('OJG81MQT9YF','professional'),
  ('NXI17NBY2VH','professional'),
  ('RRP74SOF8DC','professional');
INSERT INTO student (student_id,present_skill)
VALUES
  ('MAU47VEL2HC','beginner'),
  ('TNP64WZP3BD','beginner'),
  ('IQJ89DPK5OP','beginner'),
  ('DVI63MSY0KJ','beginner'),
  ('HSI26HYG6DV','beginner');
INSERT INTO student (student_id,present_skill)
VALUES
  ('TYS37VNX3MP','beginner'),
  ('MNK43VVG0GF','beginner'),
  ('OKT93SQH5WH','beginner'),
  ('OJS54EQR3KT','beginner'),
  ('XKJ60EVO5QN','beginner'),
  ('OIJ65SGH7PC','beginner'),
  ('VJU94CYQ3UQ','beginner'),
  ('FEF44MMC7RE','beginner'),
  ('EXE35DNU3YY','beginner'),
  ('BRF33KPW6MN','beginner'),
  ('YMH80PZR8SM','beginner'),
  ('NPK32VHC7ND','beginner'),
  ('IHY87KZR5DK','beginner'),
  ('IOQ44ERO2YD','beginner'),
  ('VRX30ESR0TO','beginner');
INSERT INTO student (student_id,present_skill)
VALUES
  ('SUF71VCL4QG','novice'),
  ('BGX83KGC3OJ','novice'),
  ('UYS66RSY7ID','novice'),
  ('DXD26OBE0QD','novice'),
  ('ZYS31BCP3DM','novice'),
  ('LGE31YLR5XV','novice'),
  ('HVN48JWG9VO','novice'),
  ('SWG29FHQ2WP','novice'),
  ('EJX88PDE2MD','novice'),
  ('WRI03XTA8QS','novice'),
  ('HJT41LAV9PS','novice'),
  ('IVP91HGP6PJ','novice'),
  ('ZHG25AHP1CJ','novice'),
  ('OBD83PQE4VI','novice'),
  ('UPL67STG5GU','novice');
INSERT INTO student (student_id,present_skill)
VALUES
  ('JOM37KDB1CG','professional'),
  ('SIX25KTX9OX','professional'),
  ('ZPW36NXX4PS','professional'),
  ('MLP50LOQ6UK','professional'),
  ('BBM86LBV1RM','professional'),
  ('HJD21QBQ5WH','professional'),
  ('SBL39QXH8UJ','professional'),
  ('BFV20JSD6DL','professional'),
  ('VVD68JNS5TR','professional'),
  ('CQZ28AMP5KD','professional'),
  ('VPX13PZQ0BL','professional'),
  ('KRY17VBO3VN','professional'),
  ('TFM25XWM4PH','professional'),
  ('RWK72GZE4PZ','professional'),
  ('CSF16BVF8EV','professional');
INSERT INTO student (student_id,present_skill)
VALUES
  ('FLB32RGN8YT','professional'),
  ('XXW34FRC8TW','professional'),
  ('DYL28PYP8DF','professional'),
  ('RNM77HCI7AG','professional'),
  ('TID32CNW2BO','professional');

  INSERT INTO address (street,zip,city)
VALUES
  ('P.O. Box 376, 1093 Penatibus Ave','73122','Chañaral'),
  ('2297 Non, Av.','3602','Ophoven'),
  ('261-3767 Pede St.','4174','Kursk'),
  ('396-7405 Faucibus St.','7743','Vienna'),
  ('679-1455 Donec Av.','334025','Beijing'),
  ('P.O. Box 809, 2300 Rhoncus. Rd.','8665 NK','Ghislarengo'),
  ('8637 A Street','01453','Elverum'),
  ('Ap #805-6507 Accumsan Rd.','26378','Whakatane'),
  ('208-6747 Ultrices. Ave','524756','Ulsan'),
  ('Ap #516-9563 Erat Rd.','2122-2254','Burnie'),
  ('Ap #986-7577 Eu Av.','26773','Santa Juana'),
  ('Ap #219-4399 Fringilla Rd.','16389-78845','Placilla'),
  ('8377 Vitae Rd.','864151','Melilla'),
  ('Ap #859-4631 Convallis Avenue','50517','Shaki'),
  ('Ap #575-2573 Leo Street','4457','Jecheon');
INSERT INTO address (street,zip,city)
VALUES
  ('553-9559 Sit Street','57669-62838','Ludvika'),
  ('Ap #800-5596 A Av.','785883','Belfast'),
  ('Ap #155-9046 Mauris Road','48636-51459','Liberia'),
  ('Ap #586-2548 Euismod Rd.','61949','Te Awamutu'),
  ('Ap #808-720 Augue Road','12217','Changi Bay'),
  ('Ap #395-2998 Magna. Rd.','445112','St. Johns'),
  ('P.O. Box 449, 9906 Nec, Street','8848','Santarém'),
  ('945-5066 Tristique Avenue','12751','Moss'),
  ('Ap #550-4505 Magnis Street','8957','Ciudad Real'),
  ('5350 Duis Av.','779938','Okpoko'),
  ('2501 Quisque St.','2624','Sierning'),
  ('595-885 Pellentesque Av.','420887','Joinville'),
  ('249-9020 Magnis Avenue','2343','Poitiers'),
  ('P.O. Box 335, 5566 Nulla St.','55-565','Cartagena del Chairá'),
  ('P.O. Box 139, 8603 Enim Av.','174177','Ipís');
INSERT INTO address (street,zip,city)
VALUES
  ('2601 Quis Rd.','98-657','Huara'),
  ('Ap #161-8251 Rutrum St.','6186','Christchurch'),
  ('255-8695 Hendrerit St.','J3 8UE','Bắc Giang'),
  ('6179 Non, St.','21504','Pacasmayo'),
  ('Ap #307-7772 Sed St.','JX2O 7WO','Blieskastel'),
  ('Ap #161-4919 Nam Ave','581822','Anderlecht'),
  ('8680 Odio Street','6808','Port Augusta'),
  ('Ap #227-7889 Accumsan St.','R7Y 8G1','Opole'),
  ('Ap #650-7612 Nascetur Ave','109201','Ulhasnagar'),
  ('Ap #972-5443 Est St.','85331','Cao Bằng'),
  ('4775 Adipiscing St.','73-135','Puerto Carreño'),
  ('Ap #383-4290 Rhoncus Ave','2223','Épernay'),
  ('270-4115 Dis Avenue','58035-380','Calarcá'),
  ('Ap #538-2502 Porta Rd.','4888','Villar Pellice'),
  ('Ap #498-2753 Pellentesque, Rd.','4081 GE','Bremen');
INSERT INTO address (street,zip,city)
VALUES
  ('312-7849 Tincidunt Rd.','516433','Puntarenas'),
  ('408-8408 Ipsum. Street','65-78','Sapele'),
  ('902-2880 Eu St.','0540 SW','Astore'),
  ('Ap #227-7801 Sed Avenue','50213','Korosten'),
  ('869-1336 Rhoncus. Rd.','2780','Diksmuide');
INSERT INTO address (street,zip,city)
VALUES
  ('Ap #196-6424 Consequat Ave','R56 1EF','Heerhugowaard'),
  ('Ap #317-8709 Molestie Av.','156668','Lai Châu'),
  ('100-4674 Nibh Road','5191','Salihli'),
  ('8907 Ipsum Road','Y2L 8H4','Darwin'),
  ('Ap #709-1585 Amet St.','811832','Assen'),
  ('636-9827 Sociosqu St.','AL8 6YU','Saumur'),
  ('299-2338 Ligula Ave','31012','Veere'),
  ('Ap #985-5699 Euismod Street','89-48','Parepare'),
  ('P.O. Box 895, 1602 Metus Av.','44820','Konotop'),
  ('Ap #455-1936 Tempor Street','85-32','Tire'),
  ('Ap #106-2314 Duis Ave','96473-191','Dipolog'),
  ('P.O. Box 920, 5680 Feugiat Road','69995','Puerto Vallarta'),
  ('P.O. Box 919, 8402 Varius Av.','611305','Gölcük'),
  ('P.O. Box 252, 8268 Nulla Rd.','3435','Alkmaar'),
  ('695-1723 Iaculis, Road','173949','Shostka');
INSERT INTO address (street,zip,city)
VALUES
  ('381-8180 Justo Av.','663461','Vladimir'),
  ('6791 Ut, Rd.','26798','Saint-Mard'),
  ('Ap #914-5310 Vitae, Avenue','48742','Giyani'),
  ('1954 Libero. St.','6501','Satna'),
  ('Ap #118-5196 Ipsum Ave','17098','San Rafael'),
  ('Ap #419-3106 Primis St.','68-17','San José de Alajuela'),
  ('Ap #571-6548 Metus. Street','41860','Rochester'),
  ('373-7822 Eu Ave','455755','Krugersdorp'),
  ('8125 Diam Av.','28-384','Smolensk'),
  ('536-1295 Montes, St.','48114','Laino Castello'),
  ('108 Donec Rd.','181945','Frederikstad'),
  ('Ap #144-3949 Facilisi. St.','5230','Cheongju'),
  ('926-4720 In Ave','63527','São José dos Pinhais'),
  ('5427 Morbi St.','51654','Alnwick'),
  ('229-1341 Egestas Ave','4642','Galway');
INSERT INTO address (street,zip,city)
VALUES
  ('6472 Leo Street','7945-7575','Haarlem'),
  ('425-5891 Lacinia. Road','8522','Cuenca'),
  ('713-1525 Adipiscing. Road','4416','Liberia'),
  ('Ap #461-3896 Proin Avenue','78430-55573','Diamer'),
  ('P.O. Box 978, 5596 Malesuada Road','243537','Chiquinquirá'),
  ('778-5333 Est Av.','9812','Hamburg'),
  ('Ap #484-961 Scelerisque, Street','4100','Marina South'),
  ('912-5296 Non Ave','12485-41382','Orenburg'),
  ('Ap #390-668 Mauris. Avenue','382126','Cajamarca'),
  ('980-4538 Adipiscing, St.','772726','Empangeni'),
  ('Ap #433-4581 At, St.','47835','Dunedin'),
  ('P.O. Box 604, 693 Facilisis Avenue','21873','Yeosu'),
  ('P.O. Box 404, 1765 Laoreet Av.','725831','Kimberley'),
  ('346-4501 Amet Rd.','43149','Liberia'),
  ('7759 Euismod Avenue','32769','Te Awamutu');
INSERT INTO address (street,zip,city)
VALUES
  ('Ap #967-4871 Laoreet Av.','58494-19825','Dunedin'),
  ('3003 Sollicitudin Rd.','38390','Novosibirsk'),
  ('5270 Eget Street','5594','Motueka'),
  ('270-110 Neque. Street','67432-628','Puerto Colombia'),
  ('702-2718 Proin Street','66522','Tagum');
INSERT INTO address (street,zip,city)
VALUES
  ('P.O. Box 998, 6083 Magna Av.','32120','Baguio'),
  ('P.O. Box 500, 4744 Non Ave','21063','Bad Vöslau'),
  ('Ap #137-7797 Tempor St.','517581','Tual'),
  ('286-9760 Felis Avenue','24075','Nicoya'),
  ('Ap #800-4927 Elit Road','79-24','Colomiers'),
  ('270 Fusce Av.','753307','Tavistock'),
  ('Ap #750-9438 Metus. Ave','97286','Veenendaal'),
  ('5679 Auctor St.','49J 8N6','Vị Thanh'),
  ('605-5529 Eu, St.','02283','Frauenkirchen'),
  ('P.O. Box 403, 8838 Sit St.','34451','Pontianak'),
  ('P.O. Box 325, 5153 Magna St.','8397','Jayapura'),
  ('4461 Volutpat. Road','277232','Ternate'),
  ('P.O. Box 109, 3128 Non, Rd.','4831','San Vicente'),
  ('Ap #806-9204 Ut St.','17584','Westport'),
  ('6960 Dolor Ave','632484','Pocatello');
INSERT INTO address (street,zip,city)
VALUES
  ('9890 Donec Road','06370','Kayseri'),
  ('Ap #907-9700 Non, Ave','4964','Paya Lebar'),
  ('Ap #588-6986 Et Rd.','50562','Hebei'),
  ('403-6933 Nunc Avenue','890586','Jacobabad'),
  ('8823 Dignissim Street','H3K 1C6','Belfast'),
  ('Ap #821-4035 Magna. Rd.','7213','Primavera'),
  ('344-4501 Quisque St.','G8T 1V6','Chimbote'),
  ('Ap #251-3750 Ut Avenue','754728','Odintsovo'),
  ('Ap #246-7994 Sit Av.','234112','Arsoli'),
  ('636-1549 Phasellus Street','941121','Naarden'),
  ('192-2107 Suspendisse Street','58647','Bremerhaven'),
  ('815-2416 Luctus. St.','687543','Ludvika'),
  ('3331 Dui Ave','14428','Uitbergen'),
  ('P.O. Box 462, 4942 Cum Street','17122','Thủ Dầu Một'),
  ('840-432 Pede Road','57515','Upper Hutt');

INSERT INTO address (street,zip,city)
VALUES
  ('Ap #127-8929 Posuere Ave','7323','Wandlitz'),
  ('P.O. Box 282, 5243 Odio. Street','16131','Phan Thiết'),
  ('Ap #908-3306 Dui. St.','2886','Ternopil'),
  ('7260 Scelerisque Ave','413317','Boise'),
  ('Ap #816-2296 Aliquam Ave','662418','Stratford-upon-Avon');

  INSERT INTO address (street,zip,city)
VALUES
  ('P.O. Box 376, 1093 Penatibus Ave','73122','Chañaral'),
  ('2297 Non, Av.','3602','Ophoven'),
  ('261-3767 Pede St.','4174','Kursk'),
  ('396-7405 Faucibus St.','7743','Vienna'),
  ('679-1455 Donec Av.','334025','Beijing'),
  ('P.O. Box 809, 2300 Rhoncus. Rd.','8665 NK','Ghislarengo'),
  ('8637 A Street','01453','Elverum'),
  ('Ap #805-6507 Accumsan Rd.','26378','Whakatane'),
  ('208-6747 Ultrices. Ave','524756','Ulsan'),
  ('Ap #516-9563 Erat Rd.','2122-2254','Burnie'),
  ('Ap #986-7577 Eu Av.','26773','Santa Juana'),
  ('Ap #219-4399 Fringilla Rd.','16389-78845','Placilla'),
  ('8377 Vitae Rd.','864151','Melilla'),
  ('Ap #859-4631 Convallis Avenue','50517','Shaki'),
  ('Ap #575-2573 Leo Street','4457','Jecheon');
INSERT INTO address (street,zip,city)
VALUES
  ('553-9559 Sit Street','57669-62838','Ludvika'),
  ('Ap #800-5596 A Av.','785883','Belfast'),
  ('Ap #155-9046 Mauris Road','48636-51459','Liberia'),
  ('Ap #586-2548 Euismod Rd.','61949','Te Awamutu'),
  ('Ap #808-720 Augue Road','12217','Changi Bay'),
  ('Ap #395-2998 Magna. Rd.','445112','St. Johns'),
  ('P.O. Box 449, 9906 Nec, Street','8848','Santarém'),
  ('945-5066 Tristique Avenue','12751','Moss'),
  ('Ap #550-4505 Magnis Street','8957','Ciudad Real'),
  ('5350 Duis Av.','779938','Okpoko'),
  ('2501 Quisque St.','2624','Sierning'),
  ('595-885 Pellentesque Av.','420887','Joinville'),
  ('249-9020 Magnis Avenue','2343','Poitiers'),
  ('P.O. Box 335, 5566 Nulla St.','55-565','Cartagena del Chairá'),
  ('P.O. Box 139, 8603 Enim Av.','174177','Ipís');
INSERT INTO address (street,zip,city)
VALUES
  ('2601 Quis Rd.','98-657','Huara'),
  ('Ap #161-8251 Rutrum St.','6186','Christchurch'),
  ('255-8695 Hendrerit St.','J3 8UE','Bắc Giang'),
  ('6179 Non, St.','21504','Pacasmayo'),
  ('Ap #307-7772 Sed St.','JX2O 7WO','Blieskastel'),
  ('Ap #161-4919 Nam Ave','581822','Anderlecht'),
  ('8680 Odio Street','6808','Port Augusta'),
  ('Ap #227-7889 Accumsan St.','R7Y 8G1','Opole'),
  ('Ap #650-7612 Nascetur Ave','109201','Ulhasnagar'),
  ('Ap #972-5443 Est St.','85331','Cao Bằng'),
  ('4775 Adipiscing St.','73-135','Puerto Carreño'),
  ('Ap #383-4290 Rhoncus Ave','2223','Épernay'),
  ('270-4115 Dis Avenue','58035-380','Calarcá'),
  ('Ap #538-2502 Porta Rd.','4888','Villar Pellice'),
  ('Ap #498-2753 Pellentesque, Rd.','4081 GE','Bremen');
INSERT INTO address (street,zip,city)
VALUES
  ('312-7849 Tincidunt Rd.','516433','Puntarenas'),
  ('408-8408 Ipsum. Street','65-78','Sapele'),
  ('902-2880 Eu St.','0540 SW','Astore'),
  ('Ap #227-7801 Sed Avenue','50213','Korosten'),
  ('869-1336 Rhoncus. Rd.','2780','Diksmuide');
INSERT INTO address (street,zip,city)
VALUES
  ('Ap #196-6424 Consequat Ave','R56 1EF','Heerhugowaard'),
  ('Ap #317-8709 Molestie Av.','156668','Lai Châu'),
  ('100-4674 Nibh Road','5191','Salihli'),
  ('8907 Ipsum Road','Y2L 8H4','Darwin'),
  ('Ap #709-1585 Amet St.','811832','Assen'),
  ('636-9827 Sociosqu St.','AL8 6YU','Saumur'),
  ('299-2338 Ligula Ave','31012','Veere'),
  ('Ap #985-5699 Euismod Street','89-48','Parepare'),
  ('P.O. Box 895, 1602 Metus Av.','44820','Konotop'),
  ('Ap #455-1936 Tempor Street','85-32','Tire'),
  ('Ap #106-2314 Duis Ave','96473-191','Dipolog'),
  ('P.O. Box 920, 5680 Feugiat Road','69995','Puerto Vallarta'),
  ('P.O. Box 919, 8402 Varius Av.','611305','Gölcük'),
  ('P.O. Box 252, 8268 Nulla Rd.','3435','Alkmaar'),
  ('695-1723 Iaculis, Road','173949','Shostka');
INSERT INTO address (street,zip,city)
VALUES
  ('381-8180 Justo Av.','663461','Vladimir'),
  ('6791 Ut, Rd.','26798','Saint-Mard'),
  ('Ap #914-5310 Vitae, Avenue','48742','Giyani'),
  ('1954 Libero. St.','6501','Satna'),
  ('Ap #118-5196 Ipsum Ave','17098','San Rafael'),
  ('Ap #419-3106 Primis St.','68-17','San José de Alajuela'),
  ('Ap #571-6548 Metus. Street','41860','Rochester'),
  ('373-7822 Eu Ave','455755','Krugersdorp'),
  ('8125 Diam Av.','28-384','Smolensk'),
  ('536-1295 Montes, St.','48114','Laino Castello'),
  ('108 Donec Rd.','181945','Frederikstad'),
  ('Ap #144-3949 Facilisi. St.','5230','Cheongju'),
  ('926-4720 In Ave','63527','São José dos Pinhais'),
  ('5427 Morbi St.','51654','Alnwick'),
  ('229-1341 Egestas Ave','4642','Galway');
INSERT INTO address (street,zip,city)
VALUES
  ('6472 Leo Street','7945-7575','Haarlem'),
  ('425-5891 Lacinia. Road','8522','Cuenca'),
  ('713-1525 Adipiscing. Road','4416','Liberia'),
  ('Ap #461-3896 Proin Avenue','78430-55573','Diamer'),
  ('P.O. Box 978, 5596 Malesuada Road','243537','Chiquinquirá'),
  ('778-5333 Est Av.','9812','Hamburg'),
  ('Ap #484-961 Scelerisque, Street','4100','Marina South'),
  ('912-5296 Non Ave','12485-41382','Orenburg'),
  ('Ap #390-668 Mauris. Avenue','382126','Cajamarca'),
  ('980-4538 Adipiscing, St.','772726','Empangeni'),
  ('Ap #433-4581 At, St.','47835','Dunedin'),
  ('P.O. Box 604, 693 Facilisis Avenue','21873','Yeosu'),
  ('P.O. Box 404, 1765 Laoreet Av.','725831','Kimberley'),
  ('346-4501 Amet Rd.','43149','Liberia'),
  ('7759 Euismod Avenue','32769','Te Awamutu');
INSERT INTO address (street,zip,city)
VALUES
  ('Ap #967-4871 Laoreet Av.','58494-19825','Dunedin'),
  ('3003 Sollicitudin Rd.','38390','Novosibirsk'),
  ('5270 Eget Street','5594','Motueka'),
  ('270-110 Neque. Street','67432-628','Puerto Colombia'),
  ('702-2718 Proin Street','66522','Tagum');

INSERT INTO instructor (instructor_id,number_of_lessons)
VALUES
  ('SFG25VPU5UN',4),
  ('YZH25VXO6VS',8),
  ('WBL49LDZ4JA',9),
  ('LVK63KNZ2QF',3),
  ('IHR15ADL4ZH',9),
  ('EUM51SUD6IT',3),
  ('PMB63IWM5JO',8),
  ('CVE75RKW1SB',3),
  ('EOX62QHT4TC',2),
  ('UCK67GPR3SC',3),
  ('TRU87EAI4KH',1),
  ('RTO31EOE5CC',8),
  ('BCK24NRE1GB',0),
  ('MDF68TJQ6OB',7),
  ('KFT13GWZ4SK',1);
INSERT INTO instructor (instructor_id,number_of_lessons)
VALUES
  ('XTL47QHM2IF',3),
  ('JDT04QNI4PW',1),
  ('AXS06QPF8IG',4),
  ('SFT39DED9PE',9),
  ('FYW53NLS1PL',6),
  ('GLR16JQG0LI',5),
  ('SAN58YPC7KE',6),
  ('PEL42CNG1GE',7),
  ('YJK07NRO5BA',8),
  ('DIR03RQL7QI',1),
  ('DWX75KRT9XJ',9),
  ('ZUN08FLU3UX',7),
  ('OKJ81EYS1BG',6),
  ('MAM87GWZ0WW',0),
  ('DWH80XHE2IM',4);
INSERT INTO instructor (instructor_id,number_of_lessons)
VALUES
  ('BHQ38WHZ4GF',5),
  ('MRB54DCW4BD',8),
  ('XOC16PBE5GS',4),
  ('QJC43TKI2WH',1),
  ('OFC60BZD5GQ',1);

  INSERT INTO contact_person (contact_person_id)
VALUES
  ('MVW18EEK4IK'),
  ('IFO18TWI7OJ'),
  ('MGX16EJF6MY'),
  ('WIP40VTY7GL'),
  ('QNB88WHJ7IT'),
  ('HLK16VBU2VD'),
  ('VPU42BTQ2XN'),
  ('PNN77DBL5RH'),
  ('WFS83HUW8PG'),
  ('BQT96PNE1CD'),
  ('RJL54JMN1PD'),
  ('NOZ34VDK1DI'),
  ('CMU58TJW1QI'),
  ('QDN46VJK3FD'),
  ('WFJ16PXV0SP');
INSERT INTO contact_person (contact_person_id)
VALUES
  ('UOH04YVU1JV'),
  ('OEK28TXX1FL'),
  ('ZFS76HXW0HK'),
  ('JXL82URT6EH'),
  ('PJR51VKO3NH'),
  ('SDW13SQY6OH'),
  ('PKV85GWJ8IB'),
  ('BOM43ULL2JJ'),
  ('STA61LJK3NB'),
  ('GSF97QLE5XC'),
  ('ENM14OYQ5GX'),
  ('PCO24CJS5LS'),
  ('OXY87UUU4TC'),
  ('EGF23YIR1JS'),
  ('RLB55AXY5VC');
INSERT INTO contact_person (contact_person_id)
VALUES
  ('LBF55CMU8VR'),
  ('WZT11DSV7PK'),
  ('JQG38CRY7YW'),
  ('OTI32GHU7UT'),
  ('IHI66PCJ2XI'),
  ('ESH56FGR9JZ'),
  ('LMB87RDY6YR'),
  ('SSU68SWV4ZU'),
  ('QIF28NAA6TG'),
  ('HNB66RUH7SF'),
  ('HFW51RCJ6AL'),
  ('PBH43VKW1KC'),
  ('FKB44TAL4RG'),
  ('OHJ28ONP6OE'),
  ('XQW02IDD4KT');
INSERT INTO contact_person (contact_person_id)
VALUES
  ('VQW85CUU7LF'),
  ('DSQ04PFY4RV'),
  ('GLX13IKF7OR'),
  ('UDH97FTU1CX'),
  ('PFC85RBD1PC');
INSERT INTO contact_person (contact_person_id)
VALUES
  ('HCE64LRO6HK'),
  ('YUN06YDN6BQ'),
  ('EHQ13NMC7XJ'),
  ('JBQ44QRF8MD'),
  ('OJM68NZN7TX'),
  ('XBS58LIO5NP'),
  ('OIN70WKP8HU'),
  ('QGB51NRA0EV'),
  ('PJT26ECT7GE'),
  ('YPE26HYR2EK'),
  ('XVP27OMD1VM'),
  ('TRQ97GOR4TN'),
  ('CRI28RCN7VT'),
  ('DVG23BQT4NS'),
  ('EHD74TLU4CS');
INSERT INTO contact_person (contact_person_id)
VALUES
  ('HPM38TFN1LY'),
  ('SGY52JUX5BW'),
  ('BJX85QMB2YO'),
  ('ODL17HOU1VC'),
  ('NKN32SMI5WD'),
  ('EUJ34APM8XY'),
  ('VCR32QGM9KM'),
  ('RFR12DWY6OY'),
  ('MWM17QFL9EU'),
  ('IKB65CGE8ML'),
  ('QRG34FGN5ST'),
  ('LZH55BHW7WI'),
  ('JGB44CFG4IU'),
  ('BGO70ESY6KR'),
  ('KVH84DFZ8QD');
INSERT INTO contact_person (contact_person_id)
VALUES
  ('QLS54BFD3EK'),
  ('NBW35DRS0HT'),
  ('KJD04HJJ8HI'),
  ('IEX10SOI8NM'),
  ('DTF78BKE2EC'),
  ('CPF39IHR6HE'),
  ('BZG45UZI6KN'),
  ('MRT23ALG4CG'),
  ('GRU11ACN5OK'),
  ('CHD65FTL3CK'),
  ('AOZ58BOL0GV'),
  ('BXN49DYT6GY'),
  ('QBG33JQK2YD'),
  ('FGH56CUG2DQ'),
  ('HYO35WWC5OX');
INSERT INTO contact_person (contact_person_id)
VALUES
  ('FFL98KPH6UW'),
  ('KIZ86KXM3LV'),
  ('PXL72YKC1KG'),
  ('CNR72NDU9VY'),
  ('EGZ64XLB4NW');

  INSERT INTO contact_details (first_name,last_name,person_number,student_id)
VALUES
  ('Lilah','Alston',198361031706,1),
  ('Hadley','Morin',196590418780,2),
  ('Rhea','Mcmillan',200224314503,3),
  ('Colorado','Klein',199821869598,4),
  ('Iona','Whitehead',198212819054,5),
  ('Colorado','Peck',200659880669,6),
  ('Isadora','Marshall',196484471282,7),
  ('Dante','Savage',197211466001,8),
  ('Signe','Wolf',196364882724,9),
  ('Larissa','Gould',197254616273,10),
  ('Neville','Frazier',197273712323,11),
  ('Ariel','Mccarthy',198275593431,12),
  ('Elaine','Irwin',198769385783,13),
  ('Susan','Kerr',197131074747,14),
  ('Oscar','Trujillo',200628099947,15);
INSERT INTO contact_details (first_name,last_name,person_number,student_id)
VALUES
  ('Prescott','Faulkner',196241739215,16),
  ('Irma','Mcdaniel',196269007811,17),
  ('Montana','Gay',196666347937,18),
  ('Maxwell','Velasquez',195477991387,19),
  ('Amir','Weiss',196291384501,20),
  ('Ashton','Buchanan',197400491431,21),
  ('Ima','Jacobson',195950224025,22),
  ('Arsenio','Paul',198641758085,23),
  ('Tarik','Harmon',198094243683,24),
  ('Halee','Miranda',198802709155,25),
  ('Drake','Hooper',196997304761,26),
  ('Uriel','Luna',200720473775,27),
  ('Arsenio','Riddle',196951212607,28),
  ('Autumn','Arnold',199040203603,29),
  ('Stone','Pratt',199534859593,30);
INSERT INTO contact_details (first_name,last_name,person_number,student_id)
VALUES
  ('Shafira','Henry',198687211947,31),
  ('Noble','Morales',197782377124,32),
  ('Brianna','Stone',196856646283,33),
  ('Gil','Graves',195817724781,34),
  ('Dustin','Gill',199089995215,35),
  ('Barclay','Graham',198289920331,36),
  ('Thomas','Cameron',198551229507,37),
  ('Craig','Burke',197095655866,38),
  ('Victor','Bradford',200856524860,39),
  ('Zachery','Cleveland',197428513368,40),
  ('Lamar','Mcleod',198485758812,41),
  ('Brett','Ellison',195496732878,42),
  ('Armand','Harris',200040373806,43),
  ('Solomon','Vega',198051585138,44),
  ('Willa','Blevins',200444078736,45);
INSERT INTO contact_details (first_name,last_name,person_number,student_id)
VALUES
  ('Plato','Benjamin',197427399197,46),
  ('Holmes','Mays',200900299398,47),
  ('Rooney','Webster',200296985502,48),
  ('Wylie','Beck',197323999271,49),
  ('Dacey','Livingston',196329501432,50),
  ('Indigo','Miller',199055810425,51),
  ('Mechelle','Roman',196543643353,52),
  ('Roth','Nelson',196646535635,53),
  ('Timon','Burris',197896284688,54),
  ('Deacon','Joyner',200395485062,55),
  ('Pearl','Wilder',195835057313,56),
  ('Kerry','Flores',196085682336,57),
  ('Honorato','Garcia',195877031678,58),
  ('Rafael','Johnson',200268040124,59),
  ('Barry','Lynch',195655501033,60);
INSERT INTO contact_details (first_name,last_name,person_number,student_id)
VALUES
  ('Virginia','Guerrero',195347796650,61),
  ('Cullen','Buckley',196622328982,62),
  ('Noble','Bradley',195403236405,63),
  ('Nero','Carlson',196251430307,64),
  ('Daquan','Hall',197449985719,65);
INSERT INTO contact_details (first_name,last_name,person_number,student_id)
VALUES
  ('Belle','Stark',200331932362,66),
  ('Xavier','Lowe',196756430450,67),
  ('Jasmine','Fuentes',198852924624,68),
  ('Hammett','Leach',197486718548,69),
  ('Flynn','Sawyer',197656096277,70),
  ('Celeste','Harrison',195548184906,71),
  ('Ramona','Taylor',196051976175,72),
  ('Laura','Barker',200473138204,73),
  ('Jason','Pena',195950895259,74),
  ('Quinlan','Watts',199816388403,75),
  ('Renee','Baldwin',195517835822,76),
  ('Jayme','Whitney',198321294550,77),
  ('Macy','Potter',197832868973,78),
  ('Zephania','Lester',197985379843,79),
  ('Nero','Buckner',198034872532,80);
INSERT INTO contact_details (first_name,last_name,person_number,student_id)
VALUES
  ('Kaitlin','Puckett',199294922693,81),
  ('Christopher','Hines',195766659800,82),
  ('Raya','Stanton',195890002510,83),
  ('Maite','O connor',198132231834,84),
  ('Destiny','Poole',200453770841,85),
  ('Cathleen','Cotton',197323808710,86),
  ('Harlan','Decker',195480740992,87),
  ('Quin','Guy',198428630518,88),
  ('Zachary','Sampson',200726729713,89),
  ('Dylan','Zimmerman',196554594141,90),
  ('Desiree','Hunt',197883350230,91),
  ('Desiree','Ortega',200107320698,92),
  ('Gavin','Mcbride',200677650916,93),
  ('Donna','Maxwell',197767321849,94),
  ('Cruz','Daugherty',200736131744,95);
INSERT INTO contact_details (first_name,last_name,person_number,student_id)
VALUES
  ('Ariel','Mcdowell',199760618654,96),
  ('India','Valenzuela',195402431618,97),
  ('Erin','Warner',195415614220,98),
  ('Joshua','Clark',195387849614,99),
  ('Rebecca','Mayo',200135086908,100);

    INSERT INTO contact_details (first_name,last_name,person_number,contact_person_id)
VALUES
  ('Nissim','Harrison',196218413332,1),
  ('Tad','Davenport',198978623631,2),
  ('Paki','Gray',200870627672,3),
  ('Nola','Smith',196939094070,4),
  ('Sebastian','Wood',196365362100,5),
  ('Rhonda','Glenn',196107654534,6),
  ('Ora','Best',195082694355,7),
  ('Gray','Gallagher',199791309984,8),
  ('Raymond','Kline',198073044277,9),
  ('Noelle','Russell',198411343482,10),
  ('Victor','Kirk',199265984518,11),
  ('Yvette','Dudley',198593428191,12),
  ('Richard','Atkins',196102238418,13),
  ('Farrah','Gentry',200270211223,14),
  ('Moses','Jacobson',200661999638,15);
INSERT INTO contact_details (first_name,last_name,person_number,contact_person_id)
VALUES
  ('Walter','Tate',200138277619,16),
  ('Rooney','Jacobson',196242684691,17),
  ('Donna','West',199886247570,18),
  ('Lee','Ramirez',195638324971,19),
  ('Belle','Briggs',199832063213,20),
  ('Alden','Higgins',197625740036,21),
  ('Brynn','Fernandez',197665386065,22),
  ('McKenzie','Blevins',195926188337,23),
  ('Jared','Johnson',196981893547,24),
  ('Desiree','Wiggins',200482790426,25),
  ('Hamish','Curtis',195956587018,26),
  ('Brody','Marks',197668754118,27),
  ('Joseph','Bolton',195633470720,28),
  ('Hunter','Harper',196268636486,29),
  ('Knox','Franks',197805628076,30);
INSERT INTO contact_details (first_name,last_name,person_number,contact_person_id)
VALUES
  ('Xavier','Padilla',196955511385,31),
  ('Martha','Clay',197987109202,32),
  ('Ivan','Puckett',197945171584,33),
  ('Ria','Neal',196866094567,34),
  ('Dean','Norris',200009131840,35),
  ('Zahir','Espinoza',197984540388,36),
  ('Lars','Briggs',195754307658,37),
  ('Kiara','Golden',199269409355,38),
  ('Joshua','Short',197512138359,39),
  ('Brady','Schmidt',195188870310,40),
  ('Emily','Elliott',196012049876,41),
  ('Bruce','Reid',199802220538,42),
  ('Wayne','Pierce',196656796668,43),
  ('Sade','Landry',200899532636,44),
  ('Sara','Walls',200531347501,45);
INSERT INTO contact_details (first_name,last_name,person_number,contact_person_id)
VALUES
  ('Blake','Wolf',198424915925,46),
  ('Eric','Odom',197972474101,47),
  ('Keith','Dennis',196865331629,48),
  ('Scarlet','Osborn',195336493668,49),
  ('Ignacia','Forbes',196668573637,50);
INSERT INTO contact_details (first_name,last_name,person_number,contact_person_id)
VALUES
  ('Stephanie','Conley',198367075522,51),
  ('Hu','Moon',198502083326,52),
  ('Keane','Webster',197973316234,53),
  ('Leigh','Richard',200457521448,54),
  ('May','Hewitt',195492634901,55),
  ('Rylee','Walton',199726135401,56),
  ('Tatyana','Holt',197209230789,57),
  ('Cadman','Chaney',195687869698,58),
  ('Jasmine','Barrett',200736543931,59),
  ('Maite','Fields',200398833319,60),
  ('Knox','Pennington',196003144183,61),
  ('Nissim','Goodman',197703440487,62),
  ('Winter','Horton',197678668622,63),
  ('Maggy','Stein',196792080619,64),
  ('Yoshi','Jones',195662987041,65);
INSERT INTO contact_details (first_name,last_name,person_number,contact_person_id)
VALUES
  ('Ivory','Colon',200457380884,66),
  ('Rebekah','Blair',195377077026,67),
  ('Rudyard','French',197853315715,68),
  ('Sheila','Lloyd',200357706464,69),
  ('Jared','Buckley',195654883523,70),
  ('Akeem','Estrada',200825803779,71),
  ('Briar','Cannon',195831371606,72),
  ('Rebecca','Dominguez',197756151925,73),
  ('Denton','Henry',200123435175,74),
  ('Oleg','Powers',200400698867,75),
  ('Jamal','Workman',199400187870,76),
  ('Lillian','Montoya',200106218945,77),
  ('Levi','Woodward',199506195283,78),
  ('Indira','Lynch',198490198054,79),
  ('Hamish','Lee',195254353072,80);
INSERT INTO contact_details (first_name,last_name,person_number,contact_person_id)
VALUES
  ('Zachary','Sexton',198803055694,81),
  ('Quail','Alvarado',200831081138,82),
  ('Nerea','Love',200822046973,83),
  ('Yasir','Bernard',198163404840,84),
  ('Mason','Baird',200187860470,85),
  ('Randall','Walter',196428539088,86),
  ('Dante','Gardner',200321786650,87),
  ('Cameran','Grimes',199274467286,88),
  ('Lillith','Chang',195311385401,89),
  ('Zelda','Martinez',199540455207,90),
  ('Francis','Curry',198404764914,91),
  ('Tasha','Robinson',199606636462,92),
  ('Remedios','Simon',200516336020,93),
  ('Camille','Knight',195167423601,94),
  ('Chandler','Flowers',199779932609,95);
INSERT INTO contact_details (first_name,last_name,person_number,contact_person_id)
VALUES
  ('Alan','Hebert',199382910825,96),
  ('Joy','Ward',195621638357,97),
  ('Germaine','Sherman',196536796957,98),
  ('Porter','Vance',200839412666,99),
  ('Kermit','Hendrix',200306018368,100);

  /*below are instructors*/
INSERT INTO contact_details (first_name,last_name,person_number,instructor_id)
VALUES

  ('Astra','Dejesus',198019703266,1),
  ('Salvador','Key',197750387596,2),
  ('Rhona','Sparks',200086693650,3),
  ('Jorden','Butler',199206305352,4),
  ('Hermione','Acevedo',199943568507,5),
  ('Mercedes','Stark',195477826210,6),
  ('Kitra','Hooper',196001383011,7),
  ('Gannon','Blankenship',200584723102,8),
  ('Levi','Clarke',200844808274,9),
  ('Buckminster','Buckner',199281648610,10),
  ('Evan','Caldwell',198549884210,11),
  ('Moses','Poole',197088329653,12),
  ('Karly','Jackson',195862253606,13),
  ('Rowan','Mendoza',195810779122,14),
  ('Meredith','Fulton',195670221165,15);
INSERT INTO contact_details (first_name,last_name,person_number,instructor_id)
VALUES
  ('Claudia','Forbes',198959488814,16),
  ('Stephanie','Rice',196811669807,17),
  ('Len','Richmond',198931185907,18),
  ('Trevor','Mccoy',199668610224,19),
  ('Leilani','Nichols',200360691917,20),
  ('Cynthia','Todd',198601725145,21),
  ('Briar','Osborn',195805744438,22),
  ('Myles','Williams',200718450510,23),
  ('Rajah','Hahn',200766359678,24),
  ('Gregory','Short',197537221965,25),
  ('Bertha','Martinez',199304471383,26),
  ('Lysandra','Stanton',196280364938,27),
  ('Forrest','Montoya',196909671889,28),
  ('Teegan','Morris',200234621299,29),
  ('Chaney','Fitzgerald',200243914515,30);
INSERT INTO contact_details (first_name,last_name,person_number,instructor_id)
VALUES
  ('Quinn','Pope',198765063734,31),
  ('Lance','Fuller',197011104703,32),
  ('Lucas','Graves',197111178650,33),
  ('Nicholas','Wolf',200366472186,34),
  ('Dawn','Wong',199739678232,35);

  INSERT INTO lesson (instrument_type,difficulty_level,instructor_id)
VALUES
  ('Violin','Advanced',1),
  ('Violin','Intermediate',2),
  ('Drums','Beginner',3),
  ('Violin','Advanced',4),
  ('Drums','Advanced',5),
  ('Piano','Intermediate',6),
  ('Guitar','Intermediate',7),
  ('Saxophone','Advanced',8),
  ('Piano','Intermediate',9),
  ('Piano','Advanced',10),
  ('Guitar','Intermediate',11),
  ('Guitar','Advanced',12),
  ('Flute','Advanced',13),
  ('Violin','Beginner',14),
  ('Piano','Beginner',15);
INSERT INTO lesson (instrument_type,difficulty_level,instructor_id)
VALUES
  ('Violin','Beginner',16),
  ('Drums','Advanced',17),
  ('Saxophone','Beginner',18),
  ('Drums','Intermediate',19),
  ('Saxophone','Advanced',20),
  ('Violin','Advanced',21),
  ('Saxophone','Advanced',22),
  ('Piano','Advanced',23),
  ('Violin','Advanced',24),
  ('Piano','Intermediate',25),
  ('Piano','Intermediate',26),
  ('Piano','Advanced',27),
  ('Flute','Beginner',28),
  ('Violin','Intermediate',29),
  ('Drums','Intermediate',30);
INSERT INTO lesson (instrument_type,difficulty_level,instructor_id)
VALUES
  ('Flute','Advanced',31),
  ('Saxophone','Beginner',32),
  ('Flute','Beginner',33),
  ('Flute','Beginner',34),
  ('Violin','Intermediate',35);

INSERT INTO lesson (instrument_type,difficulty_level,instructor_id)
VALUES
  ('Violin','Advanced',6),
  ('Violin','Intermediate',8),
  ('Drums','Beginner',10),
  ('Violin','Advanced',12),
  ('Drums','Advanced',15),
  ('Piano','Intermediate',20),
  ('Guitar','Intermediate',25),
  ('Saxophone','Advanced',27),
  ('Piano','Intermediate',28),
  ('Piano','Advanced',30),
  ('Guitar','Intermediate',31),
  ('Guitar','Advanced',32),
  ('Flute','Advanced',33),
  ('Violin','Beginner',34),
  ('Piano','Beginner',35);

  INSERT INTO administrative_staff (admin_id) VALUES ('QNVLE74B3O00P');

  INSERT INTO booking (amount_of_bookings,administrative_staff_id,student_id,lesson_id)
VALUES
  (1,1,31,27), /*individual lesson*/
  (1,1,32,36),
  (1,1,33,47),
  (1,1,1,29),
  (1,1,2,25),
  (1,1,3,30),
  (1,1,4,11),
  (1,1,16,49), /*individual*/
  (1,1,17,14),
  (1,1,5,11),
  (1,1,6,9), /*individual*/
  (1,1,34,5),
  (1,1,18,15),
  (1,1,19,18),
  (1,1,7,11);
INSERT INTO booking (amount_of_bookings,administrative_staff_id,student_id,lesson_id)
VALUES
  (1,1,35,36),
  (1,1,36,5),
  (1,1,37,5),
  (1,1,38,47),
  (1,1,39,36),
  (1,1,40,5),
  (1,1,45,36),
  (1,1,20,14),
  (1,1,21,25),
  (1,1,23,18),
  (1,1,24,15),
  (1,1,28,50), /*individual*/
  (1,1,29,25),
  (1,1,47,18),
  (1,1,51,18);
INSERT INTO booking (amount_of_bookings,administrative_staff_id,student_id,lesson_id)
VALUES
  (1,1,8,25),
  (1,1,10,30),
  (1,1,11,11),
  (1,1,12,29),
  (1,1,13,29),
  (1,1,66,7),
  (1,1,67,7),
  (1,1,68,6), /*individual*/
  (1,1,70,35),
  (1,1,71,30),
  (1,1,72,35),
  (1,1,73,25),
  (1,1,74,43), /*individual*/
  (1,1,75,30),
  (1,1,69,25);
INSERT INTO booking (amount_of_bookings,administrative_staff_id,student_id,lesson_id)
VALUES
  (1,1,81,47),
  (1,1,83,46), /*individual*/
  (1,1,87,47),
  (1,1,58,34), /*individual*/
  (1,1,59,38); /*individual*/

INSERT INTO time_slot (administrative_staff_id,time)
VALUES
  (1,'2022-12-13 02:27:33'),
  (1,'2022-12-30 01:44:12'),
  (1,'2022-12-12 07:06:26'),
  (1,'2022-12-07 04:33:06'),
  (1,'2022-12-13 15:55:09'),
  (1,'2022-12-13 13:08:51'),
  (1,'2022-12-30 00:38:54'),
  (1,'2022-12-28 14:22:04'),
  (1,'2022-12-13 02:35:20'),
  (1,'2022-12-12 21:47:43'),
  (1,'2022-12-15 17:05:27'),
  (1,'2022-12-13 08:24:03'),
  (1,'2022-12-06 04:54:20'),
  (1,'2022-12-13 03:14:01'),
  (1,'2022-12-04 22:23:48');
INSERT INTO time_slot (administrative_staff_id,time)
VALUES
  (1,'2022-12-25 18:35:52'),
  (1,'2022-12-10 03:45:40'),
  (1,'2022-12-13 06:25:52'),
  (1,'2022-12-14 05:31:50'),
  (1,'2022-12-14 03:08:30'),
  (1,'2022-12-24 15:08:20'),
  (1,'2022-12-28 13:34:23'),
  (1,'2022-12-15 14:35:24'),
  (1,'2022-12-14 11:36:42'),
  (1,'2022-12-22 10:53:37'),
  (1,'2022-12-17 09:06:04'),
  (1,'2022-12-03 19:43:02'),
  (1,'2022-12-09 23:19:52'),
  (1,'2022-12-29 06:44:12'),
  (1,'2022-12-11 07:05:36');
INSERT INTO time_slot (administrative_staff_id,time)
VALUES
  (1,'2022-12-03 13:54:04'),
  (1,'2022-12-13 00:30:03'),
  (1,'2022-12-10 15:48:46'),
  (1,'2022-12-23 09:48:26'),
  (1,'2022-12-21 11:57:22'),
  (1,'2022-12-23 06:39:24'),
  (1,'2022-12-10 14:13:59'),
  (1,'2022-12-12 06:37:58'),
  (1,'2022-12-20 18:06:41'),
  (1,'2022-12-06 09:50:53'),
  (1,'2022-12-28 22:51:45'),
  (1,'2022-12-14 01:47:59'),
  (1,'2022-12-29 22:28:51'),
  (1,'2022-12-07 13:10:26'),
  (1,'2022-12-28 15:47:57');
INSERT INTO time_slot (administrative_staff_id,time)
VALUES
  (1,'2022-12-18 06:11:09'),
  (1,'2022-12-02 17:32:27'),
  (1,'2022-12-21 19:48:56'),
  (1,'2022-12-04 05:07:26'),
  (1,'2022-12-17 23:33:54');
INSERT INTO time_slot (administrative_staff_id,time)
VALUES
  (1,'2022-12-12 15:47:12'),
  (1,'2022-12-06 18:32:39'),
  (1,'2022-12-12 17:30:48'),
  (1,'2022-12-30 20:07:18'),
  (1,'2022-12-11 05:24:09'),
  (1,'2022-12-16 04:29:44'),
  (1,'2022-12-14 09:20:23'),
  (1,'2022-12-02 09:17:32'),
  (1,'2022-12-14 05:49:11'),
  (1,'2022-12-19 01:43:13');

  INSERT INTO group_lesson (lesson_id,lesson_price,enrollment_amount,min_enrollment_amount,time_slot_id)
VALUES
  (36,33,4,2,1),
  (47,66,4,2,2),
  (29,24,3,2,3),
  (25,97,6,2,4),
  (30,94,4,2,5),
  (11,39,4,2,6),
  (14,62,2,2,7),
  (5,92,4,2,8),
  (15,14,2,2,9),
  (18,27,4,2,10),
  (7,44,2,2,11),
  (35,64,2,2,12),
  (1,77,0,2,13),
  (2,48,0,2,14),
  (3,17,0,2,15);
INSERT INTO group_lesson (lesson_id,lesson_price,enrollment_amount,min_enrollment_amount,time_slot_id)
VALUES
  (4,43,0,2,16),
  (48,12,0,2,17),
  (8,51,0,2,18),
  (42,24,0,2,19),
  (10,4,0,2,20),
  (12,44,0,2,21),
  (13,34,0,2,22),
  (16,46,0,2,23),
  (17,81,0,2,24),
  (19,84,0,2,25),
  (20,73,0,2,26),
  (21,94,0,2,27),
  (22,28,0,2,28),
  (23,56,0,2,29),
  (24,90,0,2,30);
INSERT INTO group_lesson (lesson_id,lesson_price,enrollment_amount,min_enrollment_amount,time_slot_id)
VALUES
  (26,47,0,2,31),
  (41,65,0,2,32),
  (28,14,0,2,33),
  (31,25,0,2,34),
  (32,33,0,2,35),
  (33,83,0,2,36),
  (44,66,0,2,37),
  (37,78,0,2,38),
  (45,45,0,2,39),
  (39,12,0,2,40),
  (40,21,0,2,41);

INSERT INTO individual_lesson (lesson_id,lesson_price,time_slot_id)
VALUES
  (27,14,42),
  (49,6,43),
  (9,3,44),
  (50,5,45),
  (6,97,46),
  (43,62,47),
  (46,60,48),
  (34,92,49),
  (38,61,50);

  INSERT INTO ensemble (lesson_id,lesson_price,genre,min_enrollment_amount,max_enrollment_amount,instructor_id,time_slot_id)
VALUES
  (36,67,'Jazz',2,8,6,51),
  (47,90,'Punk',2,8,32,52),
  (29,68,'Rock',2,8,29,53),
  (25,86,'Gospel',2,8,25,54),
  (30,86,'Gospel',2,8,30,55),
  (11,74,'Jazz',2,8,11,56),
  (14,29,'Gospel',2,8,14,57),
  (5,33,'Rock',2,8,5,58),
  (15,99,'Rock',2,8,15,59),
  (18,22,'Gospel',2,8,18,60);

  INSERT INTO instrument (price,type)
VALUES
  (70,'Drums'),
  (30,'Drums'),
  (20,'Piano'),
  (80,'Guitar'),
  (10,'Drums'),
  (90,'Guitar'),
  (10,'Guitar'),
  (20,'Saxophone'),
  (20,'Drums'),
  (10,'Guitar'),
  (20,'Drums'),
  (70,'Guitar'),
  (80,'Drums'),
  (5,'Saxophone'),
  (10,'Piano');

  INSERT INTO rental (number_of_leases,administrative_staff_id,student_id,instrument_id)
VALUES
  (1,1,41,1),
  (1,1,72,2),
  (1,1,53,3),
  (1,1,97,4),
  (1,1,22,5),
  (1,1,43,6),
  (1,1,80,7),
  (1,1,50,8),
  (1,1,37,9),
  (1,1,19,10),
  (1,1,3,11),
  (1,1,42,12),
  (1,1,6,13),
  (1,1,52,14),
  (1,1,4,15);

INSERT INTO phone (phone_number)
VALUES
  ('077-4164368'),
  ('076-9863321'),
  ('073-6825655'),
  ('073-5044511'),
  ('074-5525683'),
  ('075-2335296'),
  ('073-5539887'),
  ('071-3748363'),
  ('070-5492817'),
  ('073-1916010'),
  ('078-4231774'),
  ('073-1827638'),
  ('077-3972147'),
  ('077-4328063'),
  ('079-2506054');
INSERT INTO phone (phone_number)
VALUES
  ('072-8141638'),
  ('071-4292165'),
  ('075-7926908'),
  ('074-9523830'),
  ('074-1073004'),
  ('076-8312683'),
  ('071-7425414'),
  ('077-6896187'),
  ('079-2243526'),
  ('071-2172277'),
  ('077-4778146'),
  ('076-6992344'),
  ('073-7836326'),
  ('072-4413376'),
  ('071-4873871');
INSERT INTO phone (phone_number)
VALUES
  ('077-1329436'),
  ('072-1524136'),
  ('078-8688227'),
  ('076-3292434'),
  ('078-2522285'),
  ('071-1372174'),
  ('076-5803116'),
  ('070-8376147'),
  ('074-8227082'),
  ('075-1255739'),
  ('074-5039186'),
  ('073-5630764'),
  ('074-2897090'),
  ('078-3317276'),
  ('077-7745704');
INSERT INTO phone (phone_number)
VALUES
  ('073-3681949'),
  ('077-1740523'),
  ('076-0591626'),
  ('075-1265544'),
  ('072-8760043');
INSERT INTO phone (phone_number)
VALUES
  ('075-3548899'),
  ('079-3526642'),
  ('076-8341750'),
  ('070-8103221'),
  ('073-4268415'),
  ('072-4371676'),
  ('076-8325487'),
  ('078-6661687'),
  ('072-3873185'),
  ('077-2789732'),
  ('071-4582685'),
  ('072-4154233'),
  ('074-3816421'),
  ('072-3514536'),
  ('074-0271341');
INSERT INTO phone (phone_number)
VALUES
  ('072-8928733'),
  ('076-5725119'),
  ('071-1296068'),
  ('072-5830373'),
  ('074-6573981'),
  ('070-5391022'),
  ('078-1232865'),
  ('074-8254277'),
  ('078-4324632'),
  ('075-5031228'),
  ('078-4288734'),
  ('076-3845335'),
  ('072-5134847'),
  ('077-0278807'),
  ('072-2262761');
INSERT INTO phone (phone_number)
VALUES
  ('077-0252277'),
  ('077-5348487'),
  ('072-5715231'),
  ('078-3745471'),
  ('073-7380262'),
  ('073-7795956'),
  ('073-7827379'),
  ('077-8735738'),
  ('071-7644880'),
  ('076-5444177'),
  ('073-2329780'),
  ('076-7472483'),
  ('073-2201194'),
  ('077-1933862'),
  ('075-5275127');
INSERT INTO phone (phone_number)
VALUES
  ('075-4183868'),
  ('076-9473163'),
  ('078-1791943'),
  ('074-7788273'),
  ('077-1576716');
INSERT INTO phone (phone_number)
VALUES
  ('072-7453829'),
  ('070-2112279'),
  ('077-5251765'),
  ('070-5868750'),
  ('076-3737736'),
  ('076-9287526'),
  ('071-8508756'),
  ('074-2612854'),
  ('073-1750764'),
  ('072-1240382'),
  ('073-2658204'),
  ('070-2563747'),
  ('073-6478136'),
  ('071-4963440'),
  ('079-3528594');
INSERT INTO phone (phone_number)
VALUES
  ('079-6333417'),
  ('078-1522126'),
  ('072-1548421'),
  ('078-8735941'),
  ('076-9945636'),
  ('071-2223250'),
  ('075-0047433'),
  ('075-8671351'),
  ('071-2140863'),
  ('072-9129314'),
  ('076-8436914'),
  ('075-9393198'),
  ('078-3194369'),
  ('075-2653578'),
  ('078-9074326');
INSERT INTO phone (phone_number)
VALUES
  ('071-7926669'),
  ('074-6384746'),
  ('079-6664742'),
  ('077-0223556'),
  ('079-7179745'),
  ('077-6781136'),
  ('074-2666678'),
  ('077-8853475'),
  ('079-1226467'),
  ('075-8104727'),
  ('074-7307145'),
  ('077-4147731'),
  ('075-2782485'),
  ('076-9270415'),
  ('077-4294706');
INSERT INTO phone (phone_number)
VALUES
  ('076-1226593'),
  ('074-3662676'),
  ('078-4485170'),
  ('077-5858578'),
  ('074-1081537');
INSERT INTO phone (phone_number)
VALUES
  ('073-9454673'),
  ('075-5263482'),
  ('077-2968407'),
  ('077-7112268'),
  ('075-8372145'),
  ('071-7232779'),
  ('076-4836991'),
  ('076-4286125'),
  ('076-5714174'),
  ('073-5988154'),
  ('077-7890583'),
  ('073-7164118'),
  ('077-2451045'),
  ('078-3558257'),
  ('076-6455811');
INSERT INTO phone (phone_number)
VALUES
  ('077-8281473'),
  ('072-2787318'),
  ('078-3674251'),
  ('071-3376223'),
  ('076-7134451'),
  ('071-4728571'),
  ('073-2942665'),
  ('073-4331248'),
  ('073-3435866'),
  ('078-4672951'),
  ('078-0511844'),
  ('071-3823880'),
  ('079-3259150'),
  ('073-5992339'),
  ('071-6308210');
INSERT INTO phone (phone_number)
VALUES
  ('077-7331829'),
  ('075-2948334'),
  ('070-8057569'),
  ('075-6458385'),
  ('075-5041422'),
  ('075-0870055'),
  ('071-3306216'),
  ('072-4443361'),
  ('073-6318064'),
  ('072-0809876'),
  ('076-2284654'),
  ('075-2581762'),
  ('079-7251106'),
  ('077-0780274'),
  ('079-4317339');
INSERT INTO phone (phone_number)
VALUES
  ('072-1916041'),
  ('076-4220889'),
  ('071-9969574'),
  ('076-8358474'),
  ('074-7300819');
INSERT INTO phone (phone_number)
VALUES
  ('071-7222445'),
  ('079-9534266'),
  ('078-4264232'),
  ('077-3068405'),
  ('070-7207217'),
  ('072-1688525'),
  ('074-9766378'),
  ('071-2845070'),
  ('074-1509566'),
  ('075-9782206'),
  ('077-8556393'),
  ('071-3525826'),
  ('073-5511808'),
  ('074-7066512'),
  ('074-6450411');
INSERT INTO phone (phone_number)
VALUES
  ('074-7154226'),
  ('075-2858234'),
  ('075-2568571'),
  ('076-1873039'),
  ('076-7119101'),
  ('072-1734028'),
  ('074-7419233'),
  ('071-8113743'),
  ('079-5742302'),
  ('078-5311167'),
  ('078-6087522'),
  ('072-0365416'),
  ('070-6115682'),
  ('078-1607876'),
  ('077-9527241');
INSERT INTO phone (phone_number)
VALUES
  ('073-3795151'),
  ('074-7386645'),
  ('072-3628146'),
  ('072-2141937'),
  ('079-0817772');

  INSERT INTO contact_details_phone (phone_id)
VALUES
  (1),
  (2),
  (3),
  (4),
  (5),
  (6),
  (7),
  (8),
  (9),
  (10),
  (11),
  (12),
  (13),
  (14),
  (15);
INSERT INTO contact_details_phone (phone_id)
VALUES
  (16),
  (17),
  (18),
  (19),
  (20),
  (21),
  (22),
  (23),
  (24),
  (25),
  (26),
  (27),
  (28),
  (29),
  (30);
INSERT INTO contact_details_phone (phone_id)
VALUES
  (31),
  (32),
  (33),
  (34),
  (35),
  (36),
  (37),
  (38),
  (39),
  (40),
  (41),
  (42),
  (43),
  (44),
  (45);
INSERT INTO contact_details_phone (phone_id)
VALUES
  (46),
  (47),
  (48),
  (49),
  (50);
INSERT INTO contact_details_phone (phone_id)
VALUES
  (51),
  (52),
  (53),
  (54),
  (55),
  (56),
  (57),
  (58),
  (59),
  (60),
  (61),
  (62),
  (63),
  (64),
  (65);
INSERT INTO contact_details_phone (phone_id)
VALUES
  (66),
  (67),
  (68),
  (69),
  (70),
  (71),
  (72),
  (73),
  (74),
  (75),
  (76),
  (77),
  (78),
  (79),
  (80);
INSERT INTO contact_details_phone (phone_id)
VALUES
  (81),
  (82),
  (83),
  (84),
  (85),
  (86),
  (87),
  (88),
  (89),
  (90),
  (91),
  (92),
  (93),
  (94),
  (95);
INSERT INTO contact_details_phone (phone_id)
VALUES
  (96),
  (97),
  (98),
  (99),
  (100);
INSERT INTO contact_details_phone (phone_id)
VALUES
  (101),
  (102),
  (103),
  (104),
  (105),
  (106),
  (107),
  (108),
  (109),
  (110),
  (111),
  (112),
  (113),
  (114),
  (115);
INSERT INTO contact_details_phone (phone_id)
VALUES
  (116),
  (117),
  (118),
  (119),
  (120),
  (121),
  (122),
  (123),
  (124),
  (125),
  (126),
  (127),
  (128),
  (129),
  (130);
INSERT INTO contact_details_phone (phone_id)
VALUES
  (131),
  (132),
  (133),
  (134),
  (135),
  (136),
  (137),
  (138),
  (139),
  (140),
  (141),
  (142),
  (143),
  (144),
  (145);
INSERT INTO contact_details_phone (phone_id)
VALUES
  (146),
  (147),
  (148),
  (149),
  (150);
INSERT INTO contact_details_phone (phone_id)
VALUES
  (151),
  (152),
  (153),
  (154),
  (155),
  (156),
  (157),
  (158),
  (159),
  (160),
  (161),
  (162),
  (163),
  (164),
  (165);
INSERT INTO contact_details_phone (phone_id)
VALUES
  (166),
  (167),
  (168),
  (169),
  (170),
  (171),
  (172),
  (173),
  (174),
  (175),
  (176),
  (177),
  (178),
  (179),
  (180);
INSERT INTO contact_details_phone (phone_id)
VALUES
  (181),
  (182),
  (183),
  (184),
  (185),
  (186),
  (187),
  (188),
  (189),
  (190),
  (191),
  (192),
  (193),
  (194),
  (195);
INSERT INTO contact_details_phone (phone_id)
VALUES
  (196),
  (197),
  (198),
  (199),
  (200);
INSERT INTO contact_details_phone (phone_id)
VALUES
  (201),
  (202),
  (203),
  (204),
  (205),
  (206),
  (207),
  (208),
  (209),
  (210),
  (211),
  (212),
  (213),
  (214),
  (215);
INSERT INTO contact_details_phone (phone_id)
VALUES
  (216),
  (217),
  (218),
  (219),
  (220),
  (221),
  (222),
  (223),
  (224),
  (225),
  (226),
  (227),
  (228),
  (229),
  (230);
INSERT INTO contact_details_phone (phone_id)
VALUES
  (231),
  (232),
  (233),
  (234),
  (235);

  INSERT INTO email (email)
VALUES
  ('ultrices.sit@google.ca'),
  ('id.erat.etiam@hotmail.com'),
  ('libero.proin.sed@google.couk'),
  ('at.fringilla@aol.net'),
  ('sodales@outlook.edu'),
  ('id@yahoo.edu'),
  ('vitae.risus@yahoo.net'),
  ('non@yahoo.net'),
  ('eleifend@protonmail.couk'),
  ('sed.congue@hotmail.edu'),
  ('in.dolor.fusce@aol.couk'),
  ('elit@google.net'),
  ('non.dui@hotmail.net'),
  ('quam.a.felis@outlook.com'),
  ('justo.faucibus@hotmail.edu');
INSERT INTO email (email)
VALUES
  ('lacus@google.couk'),
  ('orci.quis.lectus@outlook.ca'),
  ('orci.adipiscing@hotmail.ca'),
  ('vivamus@google.org'),
  ('aenean.eget@icloud.com'),
  ('tellus.id@yahoo.net'),
  ('sed.nunc.est@protonmail.couk'),
  ('eleifend.nec.malesuada@google.net'),
  ('et.rutrum.non@google.net'),
  ('lobortis.mauris@aol.net'),
  ('sed.consequat@protonmail.com'),
  ('luctus.aliquet@hotmail.org'),
  ('faucibus.id.libero@hotmail.edu'),
  ('est.ac@yahoo.org'),
  ('lacinia@google.couk');
INSERT INTO email (email)
VALUES
  ('suspendisse.tristique.neque@yahoo.edu'),
  ('varius.et@protonmail.org'),
  ('vitae.dolor.donec@outlook.com'),
  ('eu@outlook.edu'),
  ('tincidunt.aliquam.arcu@outlook.ca'),
  ('magnis@protonmail.org'),
  ('eget.metus.in@outlook.edu'),
  ('vestibulum.accumsan.neque@google.org'),
  ('torquent.per.conubia@yahoo.edu'),
  ('velit@outlook.org'),
  ('quis.turpis@icloud.com'),
  ('gravida.non@icloud.edu'),
  ('cursus.nunc.mauris@yahoo.org'),
  ('ultrices.vivamus@google.org'),
  ('neque@aol.net');
INSERT INTO email (email)
VALUES
  ('nec.ligula@icloud.ca'),
  ('a.magna@protonmail.net'),
  ('turpis.egestas@outlook.com'),
  ('dignissim.tempor@aol.ca'),
  ('euismod@icloud.couk');
INSERT INTO email (email)
VALUES
  ('amet.consectetuer@icloud.net'),
  ('a.mi@aol.couk'),
  ('aliquet@hotmail.couk'),
  ('blandit.nam@protonmail.couk'),
  ('ipsum.sodales@icloud.edu'),
  ('mi.enim.condimentum@aol.net'),
  ('ac.ipsum@aol.com'),
  ('per.conubia@aol.net'),
  ('sagittis.lobortis@yahoo.com'),
  ('eros.turpis.non@icloud.com'),
  ('adipiscing.fringilla@protonmail.ca'),
  ('dolor.fusce@hotmail.org'),
  ('aenean.eget@icloud.org'),
  ('duis.cursus@protonmail.couk'),
  ('etiam.vestibulum.massa@hotmail.org');
INSERT INTO email (email)
VALUES
  ('turpis.non@yahoo.ca'),
  ('urna.nunc.quis@aol.org'),
  ('cras.convallis@aol.net'),
  ('non.ante@aol.couk'),
  ('parturient@icloud.couk'),
  ('sed@protonmail.ca'),
  ('id@protonmail.org'),
  ('dolor.sit@icloud.com'),
  ('taciti.sociosqu@icloud.edu'),
  ('mauris.eu@outlook.edu'),
  ('proin.velit.sed@hotmail.edu'),
  ('facilisis.vitae.orci@protonmail.net'),
  ('mauris@google.ca'),
  ('semper.et@outlook.ca'),
  ('neque.non.quam@outlook.net');
INSERT INTO email (email)
VALUES
  ('convallis.ante@protonmail.edu'),
  ('mauris.sapien@yahoo.net'),
  ('fusce@hotmail.net'),
  ('eu.ligula@aol.com'),
  ('quam.quis@outlook.com'),
  ('a.tortor@yahoo.com'),
  ('risus.morbi@outlook.edu'),
  ('blandit.enim.consequat@protonmail.net'),
  ('gravida@icloud.org'),
  ('mauris.eu@outlook.ca'),
  ('sed.eu@icloud.net'),
  ('a.tortor.nunc@google.couk'),
  ('velit.dui@google.org'),
  ('non.massa@icloud.net'),
  ('dui.semper.et@yahoo.edu');
INSERT INTO email (email)
VALUES
  ('nulla.tincidunt@google.com'),
  ('magna.lorem@outlook.couk'),
  ('quisque.fringilla@google.org'),
  ('aliquam.erat@google.com'),
  ('libero@aol.edu');
INSERT INTO email (email)
VALUES
  ('morbi.metus.vivamus@hotmail.org'),
  ('pellentesque.tellus.sem@outlook.ca'),
  ('in.consectetuer@yahoo.couk'),
  ('blandit.enim@protonmail.edu'),
  ('feugiat.non.lobortis@yahoo.couk'),
  ('vestibulum@aol.net'),
  ('pellentesque.sed.dictum@outlook.ca'),
  ('justo.proin@icloud.com'),
  ('phasellus.dolor@yahoo.org'),
  ('nascetur.ridiculus.mus@icloud.com'),
  ('luctus.et@yahoo.net'),
  ('dignissim.pharetra.nam@hotmail.net'),
  ('suspendisse.non@aol.edu'),
  ('turpis@google.com'),
  ('ac@hotmail.couk');
INSERT INTO email (email)
VALUES
  ('elit.pede.malesuada@outlook.couk'),
  ('magnis.dis@yahoo.couk'),
  ('duis.cursus@yahoo.org'),
  ('facilisis@hotmail.ca'),
  ('nonummy.ac@icloud.net'),
  ('ipsum.primis@hotmail.com'),
  ('sagittis.augue@google.couk'),
  ('orci.luctus.et@outlook.edu'),
  ('in.nec@aol.net'),
  ('morbi.sit.amet@icloud.com'),
  ('vitae.aliquam.eros@yahoo.edu'),
  ('justo.eu.arcu@yahoo.edu'),
  ('feugiat.lorem@google.com'),
  ('donec@aol.net'),
  ('egestas.aliquam@outlook.edu');
INSERT INTO email (email)
VALUES
  ('mauris.eu@yahoo.ca'),
  ('ante.maecenas.mi@yahoo.com'),
  ('blandit.nam.nulla@google.net'),
  ('ac@protonmail.couk'),
  ('non.dapibus@hotmail.net'),
  ('mi.pede@icloud.com'),
  ('neque.pellentesque.massa@protonmail.org'),
  ('purus.in.molestie@hotmail.net'),
  ('sed@icloud.net'),
  ('consequat.purus@hotmail.couk'),
  ('a.aliquet.vel@google.couk'),
  ('ac.risus@aol.com'),
  ('aliquam.adipiscing@protonmail.org'),
  ('lorem.lorem@yahoo.edu'),
  ('eu@outlook.ca');
INSERT INTO email (email)
VALUES
  ('laoreet@outlook.edu'),
  ('sem@google.edu'),
  ('lorem@outlook.couk'),
  ('penatibus.et@icloud.com'),
  ('curabitur@yahoo.edu');
INSERT INTO email (email)
VALUES
  ('egestas@yahoo.edu'),
  ('a.aliquet@hotmail.org'),
  ('dictum.cursus@protonmail.edu'),
  ('ullamcorper@outlook.couk'),
  ('rutrum.urna.nec@aol.net'),
  ('iaculis@protonmail.com'),
  ('ut.aliquam@protonmail.ca'),
  ('ornare.sagittis@protonmail.ca'),
  ('ultricies.sem@outlook.couk'),
  ('pede.suspendisse.dui@icloud.org'),
  ('magna.sed@icloud.ca'),
  ('augue.malesuada.malesuada@outlook.ca'),
  ('vestibulum.ante.ipsum@google.edu'),
  ('ligula.eu.enim@google.couk'),
  ('justo@outlook.couk');
INSERT INTO email (email)
VALUES
  ('nulla.cras@protonmail.couk'),
  ('orci@hotmail.org'),
  ('aenean.egestas@aol.edu'),
  ('pellentesque.ut.ipsum@yahoo.com'),
  ('nulla.interdum.curabitur@hotmail.org'),
  ('tellus.faucibus.leo@google.couk'),
  ('luctus@protonmail.edu'),
  ('tincidunt.donec.vitae@hotmail.com'),
  ('amet.massa.quisque@aol.ca'),
  ('neque.nullam@protonmail.org'),
  ('vivamus.molestie@outlook.ca'),
  ('porttitor.vulputate.posuere@protonmail.ca'),
  ('egestas.urna@google.couk'),
  ('pulvinar.arcu.et@yahoo.ca'),
  ('phasellus.libero.mauris@yahoo.edu');
INSERT INTO email (email)
VALUES
  ('curae@icloud.couk'),
  ('montes.nascetur.ridiculus@google.edu'),
  ('est.arcu@hotmail.couk'),
  ('arcu.nunc.mauris@aol.net'),
  ('arcu.vel@yahoo.edu'),
  ('mauris.blandit@aol.org'),
  ('mollis@icloud.ca'),
  ('luctus@google.edu'),
  ('eu.enim@google.org'),
  ('non.luctus.sit@aol.couk'),
  ('magna@hotmail.org'),
  ('mollis.duis.sit@outlook.couk'),
  ('tortor.nibh.sit@hotmail.edu'),
  ('semper@aol.net'),
  ('quisque.porttitor@aol.net');
INSERT INTO email (email)
VALUES
  ('odio@protonmail.net'),
  ('aliquam@protonmail.ca'),
  ('cras.dictum@protonmail.ca'),
  ('imperdiet@google.org'),
  ('lacus@protonmail.edu');
INSERT INTO email (email)
VALUES
  ('urna@yahoo.com'),
  ('sed.dui@icloud.edu'),
  ('elementum.sem@protonmail.edu'),
  ('pede.ac.urna@hotmail.edu'),
  ('ultrices.vivamus@outlook.com'),
  ('non.dui.nec@google.ca'),
  ('proin.nisl@outlook.couk'),
  ('mauris.quis.turpis@hotmail.net'),
  ('vitae.erat@hotmail.couk'),
  ('non.hendrerit@protonmail.net'),
  ('gravida.aliquam@google.edu'),
  ('sagittis.lobortis@icloud.couk'),
  ('mollis.dui@protonmail.com'),
  ('fringilla.porttitor@protonmail.net'),
  ('est.ac.facilisis@protonmail.com');
INSERT INTO email (email)
VALUES
  ('sagittis.placerat@yahoo.com'),
  ('erat.in@aol.org'),
  ('consequat.nec.mollis@outlook.net'),
  ('fusce.mi@yahoo.ca'),
  ('tellus.lorem@yahoo.com'),
  ('iaculis.lacus@aol.edu'),
  ('auctor@icloud.com'),
  ('quam@protonmail.com'),
  ('ornare.facilisis@yahoo.com'),
  ('lobortis@icloud.edu'),
  ('augue.sed.molestie@protonmail.org'),
  ('rutrum.fusce.dolor@icloud.net'),
  ('eu@icloud.net'),
  ('at.pretium@aol.org'),
  ('ultrices@yahoo.edu');
INSERT INTO email (email)
VALUES
  ('pede.praesent.eu@outlook.edu'),
  ('sem@aol.edu'),
  ('aliquet.phasellus@hotmail.ca'),
  ('vulputate.nisi.sem@protonmail.couk'),
  ('litora@google.ca');


  INSERT INTO contact_details_email (email_id)
VALUES
  (1),
  (2),
  (3),
  (4),
  (5),
  (6),
  (7),
  (8),
  (9),
  (10),
  (11),
  (12),
  (13),
  (14),
  (15);
INSERT INTO contact_details_email (email_id)
VALUES
  (16),
  (17),
  (18),
  (19),
  (20),
  (21),
  (22),
  (23),
  (24),
  (25),
  (26),
  (27),
  (28),
  (29),
  (30);
INSERT INTO contact_details_email (email_id)
VALUES
  (31),
  (32),
  (33),
  (34),
  (35),
  (36),
  (37),
  (38),
  (39),
  (40),
  (41),
  (42),
  (43),
  (44),
  (45);
INSERT INTO contact_details_email (email_id)
VALUES
  (46),
  (47),
  (48),
  (49),
  (50);
INSERT INTO contact_details_email (email_id)
VALUES
  (51),
  (52),
  (53),
  (54),
  (55),
  (56),
  (57),
  (58),
  (59),
  (60),
  (61),
  (62),
  (63),
  (64),
  (65);
INSERT INTO contact_details_email (email_id)
VALUES
  (66),
  (67),
  (68),
  (69),
  (70),
  (71),
  (72),
  (73),
  (74),
  (75),
  (76),
  (77),
  (78),
  (79),
  (80);
INSERT INTO contact_details_email (email_id)
VALUES
  (81),
  (82),
  (83),
  (84),
  (85),
  (86),
  (87),
  (88),
  (89),
  (90),
  (91),
  (92),
  (93),
  (94),
  (95);
INSERT INTO contact_details_email (email_id)
VALUES
  (96),
  (97),
  (98),
  (99),
  (100);
INSERT INTO contact_details_email (email_id)
VALUES
  (101),
  (102),
  (103),
  (104),
  (105),
  (106),
  (107),
  (108),
  (109),
  (110),
  (111),
  (112),
  (113),
  (114),
  (115);
INSERT INTO contact_details_email (email_id)
VALUES
  (116),
  (117),
  (118),
  (119),
  (120),
  (121),
  (122),
  (123),
  (124),
  (125),
  (126),
  (127),
  (128),
  (129),
  (130);
INSERT INTO contact_details_email (email_id)
VALUES
  (131),
  (132),
  (133),
  (134),
  (135),
  (136),
  (137),
  (138),
  (139),
  (140),
  (141),
  (142),
  (143),
  (144),
  (145);
INSERT INTO contact_details_email (email_id)
VALUES
  (146),
  (147),
  (148),
  (149),
  (150);
INSERT INTO contact_details_email (email_id)
VALUES
  (151),
  (152),
  (153),
  (154),
  (155),
  (156),
  (157),
  (158),
  (159),
  (160),
  (161),
  (162),
  (163),
  (164),
  (165);
INSERT INTO contact_details_email (email_id)
VALUES
  (166),
  (167),
  (168),
  (169),
  (170),
  (171),
  (172),
  (173),
  (174),
  (175),
  (176),
  (177),
  (178),
  (179),
  (180);
INSERT INTO contact_details_email (email_id)
VALUES
  (181),
  (182),
  (183),
  (184),
  (185),
  (186),
  (187),
  (188),
  (189),
  (190),
  (191),
  (192),
  (193),
  (194),
  (195);
INSERT INTO contact_details_email (email_id)
VALUES
  (196),
  (197),
  (198),
  (199),
  (200);
INSERT INTO contact_details_email (email_id)
VALUES
  (201),
  (202),
  (203),
  (204),
  (205),
  (206),
  (207),
  (208),
  (209),
  (210),
  (211),
  (212),
  (213),
  (214),
  (215);
INSERT INTO contact_details_email (email_id)
VALUES
  (216),
  (217),
  (218),
  (219),
  (220),
  (221),
  (222),
  (223),
  (224),
  (225),
  (226),
  (227),
  (228),
  (229),
  (230);
INSERT INTO contact_details_email (email_id)
VALUES
  (231),
  (232),
  (233),
  (234),
  (235);

  INSERT INTO sibling (student_id)
VALUES
  ('FQW25MMC8NY'),
  ('OEK65MUI2AM'),
  ('BYI61POW2IO'),
  ('POV18SVU7ND'),
  ('LJK76XGL3TY');

  INSERT INTO student_sibling (sibling_id,student_id)
VALUES
  (2,16),
  (1,17),
  (4,18),
  (5,18),
  (3,19),
  (5,19),
  (3,20),
  (4,20);

  INSERT INTO place (room_number)
VALUES
  ('W244'),
  ('H277'),
  ('S838'),
  ('Q397'),
  ('Q955'),
  ('S798'),
  ('E422'),
  ('V861'),
  ('Z880'),
  ('G783'),
  ('K776'),
  ('G645'),
  ('V750'),
  ('U417'),
  ('I946');
INSERT INTO place (room_number)
VALUES
  ('S317'),
  ('Y252'),
  ('F422'),
  ('F525'),
  ('O789'),
  ('R848'),
  ('I222'),
  ('T167'),
  ('K811'),
  ('S588'),
  ('G422'),
  ('G337'),
  ('M844'),
  ('M870'),
  ('H112');
INSERT INTO place (room_number)
VALUES
  ('H628'),
  ('P318'),
  ('V333'),
  ('N867'),
  ('M672'),
  ('F886'),
  ('N735'),
  ('W533'),
  ('Y911'),
  ('I264'),
  ('V867'),
  ('Z857'),
  ('U602'),
  ('D545'),
  ('G829');
INSERT INTO place (room_number)
VALUES
  ('W882'),
  ('S665'),
  ('P778'),
  ('I771'),
  ('Q378');
INSERT INTO place (room_number)
VALUES
  ('G422'),
  ('O559'),
  ('U888'),
  ('L239'),
  ('K430'),
  ('U354'),
  ('O752'),
  ('P481'),
  ('L805'),
  ('F666');

  INSERT INTO time_slot_place (time_slot_id)
VALUES
  (1),
  (2),
  (3),
  (4),
  (5),
  (6),
  (7),
  (8),
  (9),
  (10),
  (11),
  (12),
  (13),
  (14),
  (15);
INSERT INTO time_slot_place (time_slot_id)
VALUES
  (16),
  (17),
  (18),
  (19),
  (20),
  (21),
  (22),
  (23),
  (24),
  (25),
  (26),
  (27),
  (28),
  (29),
  (30);
INSERT INTO time_slot_place (time_slot_id)
VALUES
  (31),
  (32),
  (33),
  (34),
  (35),
  (36),
  (37),
  (38),
  (39),
  (40),
  (41),
  (42),
  (43),
  (44),
  (45);
INSERT INTO time_slot_place (time_slot_id)
VALUES
  (46),
  (47),
  (48),
  (49),
  (50);
INSERT INTO time_slot_place (time_slot_id)
VALUES
  (51),
  (52),
  (53),
  (54),
  (55),
  (56),
  (57),
  (58),
  (59),
  (60);

  INSERT INTO lease (lease_start,lease_end)
VALUES
  ('2022-12-02 07:20:46','2022-12-18 18:27:42'),
  ('2022-12-03 15:38:24','2022-12-29 18:43:29'),
  ('2022-12-02 08:04:01','2022-12-17 04:10:20'),
  ('2022-12-07 17:02:46','2022-12-26 22:31:11'),
  ('2022-12-05 00:11:09','2022-12-26 19:12:16'),
  ('2022-12-07 23:14:45','2022-12-24 04:08:23'),
  ('2022-12-08 16:13:20','2022-12-19 01:35:09'),
  ('2022-12-07 13:59:08','2022-12-22 20:21:32'),
  ('2022-12-02 18:20:13','2022-12-15 22:29:49'),
  ('2022-12-02 17:19:41','2022-12-17 15:42:51'),
  ('2022-12-03 21:53:53','2022-12-25 11:31:46'),
  ('2022-12-04 08:50:26','2022-12-31 13:53:23'),
  ('2022-12-09 18:16:49','2022-12-23 03:22:46'),
  ('2022-12-10 07:23:36','2022-12-16 19:55:28'),
  ('2022-12-03 16:44:00','2023-01-01 14:34:11');

  INSERT INTO rental_lease (rental_id)
VALUES
  (1),
  (2),
  (3),
  (4),
  (5),
  (6),
  (7),
  (8),
  (9),
  (10),
  (11),
  (12),
  (13),
  (14),
  (15);
